uqifllhkqn,siwqjc2pb3,German,54,268
mavlscithc,e9savzeel0,Turkish,73,332
xlacanwgpc,h9lutwkaui,German,26,126
bkrfrazvih,akz9by769w,Turkish,20,84
lmrmhhowni,lfsfaky6k4,German,57,281
bxwxcitvua,jfgumadsk1,German,20,88
sflhrwhwrc,zd3kpoyct2,Spanish,39,198
nedzhseybm,cxq3ufxb5u,Turkish,16,70
engzmrqdmo,4k8zqcxcx5,Spanish,21,113
sumyeeknmb,l753s4ss3i,Spanish,34,177
yggtmliaww,17dfh8s0md,Italian,71,359
wbjdgshtsz,kshrib2lcx,Italian,18,77
scfnrtlyiy,lxtq79nmoj,Turkish,48,226
bxjqlmfxpw,pbz7lw638h,German,57,284
qtfdzvcgpg,x4pwb1nkii,German,49,243
wilpfuunon,muqlslmswe,German,63,317
zgrhnwmsha,oe2qs60gr6,Turkish,71,321
eriheizedc,h5dfos9har,Italian,28,135
rvaaqilojl,vl2wwds12n,Spanish,45,216
bkxvvmymrh,upy8kfqovi,German,57,281
dmeedqglyr,sdx7rhlsi4,Turkish,46,207
wghvbdxiyg,sbe9m9zbqt,German,16,65
dpeapthxfy,7pnw94c18e,Turkish,8,23
oeectnfdkd,q9l11umh71,German,30,145
nhkbqkdiik,9igrthx9rx,German,58,289
foywzubmyi,nf9fbpx6pm,Turkish,49,224
zouuofxsxe,oth4824rjl,Italian,73,372
trcxoetrlc,vxa65gf3cz,German,44,220
nqboobllbl,dsrmwy5yel,Turkish,16,64
iqfidewffq,u5jv6xwg42,Turkish,44,195
ahscxlcahi,a4rtm4sunp,Spanish,41,208
ngbjcuygdw,l0nz5hw7kd,German,40,191
jtcoucqyhq,m9l8z9iz36,Italian,12,48
vvisacahlw,rh7eahf80l,Turkish,48,223
udspfhjrwy,p329czl486,Italian,6,23
ccxgtnopuz,dchogeg16s,Spanish,30,160
uitmywlpbp,0ltfdcw4gz,Spanish,30,159
neszbszeqn,patrjgnc4f,German,52,247
slzodnxccl,xxscr81v9t,Spanish,18,90
ecpzcmdlok,ybnx5fcuaq,German,55,278
akslglxwyy,0kwtjwjgca,Italian,14,60
vnhlycjnsb,l5ididz10o,German,27,123
ctqopehddw,i6t349xrs4,German,49,239
lshrdpntqq,qs36k4hoo6,Italian,75,384
verodgmfgk,mmtlv4d7g6,German,53,263
hbfyblckgr,8kvfyxzfhb,Turkish,61,270
xyhzadssbo,21ulrohhlt,German,16,66
ejsfybzkdc,i1cispkl6p,Turkish,14,61
ezxccpgsvw,l9rzz7hs7z,Italian,41,215
catxavcqyt,xf65hk92p4,Turkish,18,76
jiteuvzwfw,m94256irly,German,35,168
qaikfotgev,shg6v7dfrw,Italian,56,280
jbgtycykyx,tx4fzx8p1p,Italian,55,291
wkjykubytn,qmqfq57c8d,Turkish,70,315
wxgbhnmcds,v5fmvsnikz,Spanish,28,153
vwrdzwrham,q4a61z2iw6,Turkish,15,62
sulteiayor,e3bobgk2jy,Italian,22,101
ifyowpwywh,ijnqszmdbc,German,24,103
qgvcwunjmx,hyhb0b7uwx,Turkish,47,211
wukobaudzq,3v3hlt47zl,Spanish,29,154
hcidmjetcu,ii967rk1hw,Spanish,28,151
ptxzutyzom,4nd7l4c3nl,Italian,21,96
zsubhwsfxe,rfn8uziecm,German,54,274
xutgkudesn,mjj22id0sj,Turkish,51,243
dsvaevtgos,f6m5cr9fj2,German,44,213
vbjltwsigc,mh93bninti,German,35,167
fanwhvvfem,afpop6r2kr,Spanish,61,296
akidnuknas,078i5i2kk0,Italian,53,274
sgbrsflmvq,120pou0e5p,Turkish,22,93
rdyqiiqqei,74vfsttf0r,Spanish,7,34
malgcnncbl,3b56wqecdc,Italian,6,18
ewfddikghj,m2y1i4s7al,German,31,155
dvbjiiqlvc,dbgr5uyj4e,Turkish,29,128
ykvdmaqnpb,cc9ceo79an,Spanish,17,82
bnivrxypby,5ipzyh8ahr,Italian,29,143
pdbtewvjrq,c91bdvd9h2,Turkish,31,140
unnsqchyjp,6mt3owdles,Spanish,27,142
wzestoqnlq,3u2gb9x0iz,German,53,262
jlzvuatsuw,rdgtpk6iro,Italian,13,54
eykfrzajbs,vlzwqaxeld,Turkish,70,315
hnzrlhwcwz,mcgzrpnxxg,Turkish,53,247
wcjbwssiam,lxiyvohx0b,German,40,190
bkmbacjatg,4h8dhjf8in,German,42,201
sofzhtfsiz,k1jsaavd1h,Turkish,36,158
jvmohtgkvc,xcf6mwvzy7,Spanish,30,159
micjdulrja,exa14lisf7,Turkish,69,313
uvjutjhltt,0grcivxsk7,Turkish,55,255
nfalygsmwk,4m4u93qb6u,Italian,75,385
fxovkpvfhr,g5f03ak77e,Turkish,58,266
uhxuzacywl,p1nu0ajdk1,German,65,326
rnppgwhubc,0u6f4mynqj,Spanish,43,212
iqaqbtwccl,a2r36t42wv,Spanish,14,60
bywxtxdetx,qd16o15449,Spanish,30,158
piqvtmqqhw,2s36gxtk26,Spanish,16,78
fieymzbtaf,7iak3n7d67,Spanish,18,87
oirkyisgst,tszt6afse8,Italian,26,124
puyrjtjlvg,d2wprrvt0u,Italian,60,305
irjtwhuccd,pyh5pfzhe5,Spanish,54,256
ypxhdotvvu,ncbjv65n2o,German,26,115
hcrsmvhurw,d5o1im5a38,Turkish,12,45
