uqifllhkqn;siwqjc2pb3
mavlscithc;e9savzeel0
xlacanwgpc;h9lutwkaui
bkrfrazvih;akz9by769w
lmrmhhowni;lfsfaky6k4
bxwxcitvua;jfgumadsk1
sflhrwhwrc;zd3kpoyct2
nedzhseybm;cxq3ufxb5u
engzmrqdmo;4k8zqcxcx5
sumyeeknmb;l753s4ss3i
yggtmliaww;17dfh8s0md
wbjdgshtsz;kshrib2lcx
scfnrtlyiy;lxtq79nmoj
bxjqlmfxpw;pbz7lw638h
qtfdzvcgpg;x4pwb1nkii
wilpfuunon;muqlslmswe
zgrhnwmsha;oe2qs60gr6
eriheizedc;h5dfos9har
rvaaqilojl;vl2wwds12n
bkxvvmymrh;upy8kfqovi
dmeedqglyr;sdx7rhlsi4
wghvbdxiyg;sbe9m9zbqt
dpeapthxfy;7pnw94c18e
oeectnfdkd;q9l11umh71
nhkbqkdiik;9igrthx9rx
foywzubmyi;nf9fbpx6pm
zouuofxsxe;oth4824rjl
trcxoetrlc;vxa65gf3cz
nqboobllbl;dsrmwy5yel
iqfidewffq;u5jv6xwg42
ahscxlcahi;a4rtm4sunp
ngbjcuygdw;l0nz5hw7kd
jtcoucqyhq;m9l8z9iz36
vvisacahlw;rh7eahf80l
udspfhjrwy;p329czl486
ccxgtnopuz;dchogeg16s
uitmywlpbp;0ltfdcw4gz
neszbszeqn;patrjgnc4f
slzodnxccl;xxscr81v9t
ecpzcmdlok;ybnx5fcuaq
akslglxwyy;0kwtjwjgca
vnhlycjnsb;l5ididz10o
ctqopehddw;i6t349xrs4
lshrdpntqq;qs36k4hoo6
verodgmfgk;mmtlv4d7g6
hbfyblckgr;8kvfyxzfhb
xyhzadssbo;21ulrohhlt
ejsfybzkdc;i1cispkl6p
ezxccpgsvw;l9rzz7hs7z
catxavcqyt;xf65hk92p4
jiteuvzwfw;m94256irly
qaikfotgev;shg6v7dfrw
jbgtycykyx;tx4fzx8p1p
wkjykubytn;qmqfq57c8d
wxgbhnmcds;v5fmvsnikz
vwrdzwrham;q4a61z2iw6
sulteiayor;e3bobgk2jy
ifyowpwywh;ijnqszmdbc
qgvcwunjmx;hyhb0b7uwx
wukobaudzq;3v3hlt47zl
hcidmjetcu;ii967rk1hw
ptxzutyzom;4nd7l4c3nl
zsubhwsfxe;rfn8uziecm
xutgkudesn;mjj22id0sj
dsvaevtgos;f6m5cr9fj2
vbjltwsigc;mh93bninti
fanwhvvfem;afpop6r2kr
akidnuknas;078i5i2kk0
sgbrsflmvq;120pou0e5p
rdyqiiqqei;74vfsttf0r
malgcnncbl;3b56wqecdc
ewfddikghj;m2y1i4s7al
dvbjiiqlvc;dbgr5uyj4e
ykvdmaqnpb;cc9ceo79an
bnivrxypby;5ipzyh8ahr
pdbtewvjrq;c91bdvd9h2
unnsqchyjp;6mt3owdles
wzestoqnlq;3u2gb9x0iz
jlzvuatsuw;rdgtpk6iro
eykfrzajbs;vlzwqaxeld
hnzrlhwcwz;mcgzrpnxxg
wcjbwssiam;lxiyvohx0b
bkmbacjatg;4h8dhjf8in
sofzhtfsiz;k1jsaavd1h
jvmohtgkvc;xcf6mwvzy7
micjdulrja;exa14lisf7
uvjutjhltt;0grcivxsk7
nfalygsmwk;4m4u93qb6u
fxovkpvfhr;g5f03ak77e
uhxuzacywl;p1nu0ajdk1
rnppgwhubc;0u6f4mynqj
iqaqbtwccl;a2r36t42wv
bywxtxdetx;qd16o15449
piqvtmqqhw;2s36gxtk26
fieymzbtaf;7iak3n7d67
oirkyisgst;tszt6afse8
puyrjtjlvg;d2wprrvt0u
irjtwhuccd;pyh5pfzhe5
ypxhdotvvu;ncbjv65n2o
hcrsmvhurw;d5o1im5a38